1,duality,images/avatars/default.svg
2,arrise,images/avatars/default.svg
3,evergrid,images/avatars/default.svg
4,sodapop,images/avatars/default.svg
5,shortitem78,images/avatars/default.svg
6,captaingrocs,images/avatars/default.svg
7,protr2,images/avatars/default.svg
8,hydragon,images/avatars/default.svg
9,banant,images/avatars/default.svg
10,microle,images/avatars/default.svg
11,flowfish,images/avatars/default.svg
12,easis,images/avatars/default.svg
13,caspneti,images/avatars/default.svg
14,banant,images/avatars/default.svg
15,moose,images/avatars/default.svg
16,glishell,images/avatars/default.svg
17,scord123,images/avatars/default.svg
18,undlease12,images/avatars/default.svg
19,glishell,images/avatars/default.svg
20,vivagran,images/avatars/default.svg
